<?xml version="1.0" encoding="utf-8" ?>
<Defs>

  <FactionDef>
		<defName>France</defName>
		<label>French Regiment</label>
		<description>A French outpost. Most outposts are assigned a regiment for garrison, and this regiment acts as both a defense and an offense in the case of attacking enemy factions. </description>
		<pawnsPlural>French</pawnsPlural>
		<requiredCountAtGameStart>1</requiredCountAtGameStart>
		<baseSelectionWeight>.5</baseSelectionWeight>
		<canSiege>true</canSiege>
		<expandingIconTexture>Things/France/Items/Home</expandingIconTexture>
		<canStageAttacks>true</canStageAttacks>
		<leaderTitle>Colonel</leaderTitle>
    <startingGoodwill>
      <min>-100</min>
      <max>100</max>
    </startingGoodwill>
	 <naturalColonyGoodwill>
      <min>-10</min>
      <max>0</max>
    </naturalColonyGoodwill>
<caravanTraderKinds>
      <li>Caravan_France_BulkGoods</li>
      <li>Caravan_France_CombatSupplier</li>
    </caravanTraderKinds>
    <visitorTraderKinds>
      <li>Visitor_France_Standard</li>
    </visitorTraderKinds>
    <baseTraderKinds>
      <li>FactionBase_France_Standard</li>
    </baseTraderKinds>
		<factionNameMaker>NamerFactionFrance</factionNameMaker>
		<techLevel>Industrial</techLevel>
		<backstoryCategory>Civil</backstoryCategory>
		<hairTags>
			<li>Rural</li>
		</hairTags>
	<pawnGroupMakers>
    	<li>
		<kindDef>Normal</kindDef>
        <options>
		<FrenchLine>100</FrenchLine>
		<FrenchMilitia>30</FrenchMilitia>
		<FrenchLight>50</FrenchLight>
        </options>
      </li>
	        <li>
        <kindDef>Trader</kindDef>
        <traders>
          <TownTrader>1</TownTrader>
        </traders>
        <carriers>
          <Muffalo>1</Muffalo>
          <Dromedary>1</Dromedary>
        </carriers>
        <guards>
		<FrenchLine>100</FrenchLine>
		<FrenchMilitia>30</FrenchMilitia>
		<FrenchLight>50</FrenchLight>
		<FrenchCommand>1</FrenchCommand>
        </guards>
      </li>
	  <li>
	  <kindDef>FactionBase</kindDef>
	  <options>
		<FrenchLine>100</FrenchLine>
		<FrenchMilitia>30</FrenchMilitia>
		<FrenchLight>50</FrenchLight>
		<FrenchCommand>1</FrenchCommand>
		</options>
		</li>
	</pawnGroupMakers>
    <allowedArrivalTemperatureRange>
      <min>-5</min>
      <max>45</max>
    </allowedArrivalTemperatureRange>
    <homeIconPath>Things/France/Items/Home</homeIconPath>
  </FactionDef>
  
  
    <FactionDef>
		<defName>Britain</defName>
		<label>British Regiment</label>
		<description>A British outpost. Most outposts are assigned a regiment for garrison, and this regiment acts as both a defense and an offense in the case of attacking enemy factions. </description>
		<pawnsPlural>British</pawnsPlural>
		<requiredCountAtGameStart>1</requiredCountAtGameStart>
		<baseSelectionWeight>.5</baseSelectionWeight>
		<canSiege>true</canSiege>
		<expandingIconTexture>Things/Britain/Items/Home</expandingIconTexture>
		<canStageAttacks>true</canStageAttacks>
		<leaderTitle>Colonel</leaderTitle>
    <startingGoodwill>
      <min>-100</min>
      <max>100</max>
    </startingGoodwill>
	 <naturalColonyGoodwill>
      <min>-10</min>
      <max>0</max>
    </naturalColonyGoodwill>
<caravanTraderKinds>
      <li>Caravan_Britain_BulkGoods</li>
      <li>Caravan_Britain_CombatSupplier</li>
    </caravanTraderKinds>
    <visitorTraderKinds>
      <li>Visitor_Britain_Standard</li>
    </visitorTraderKinds>
    <baseTraderKinds>
      <li>FactionBase_Britain_Standard</li>
    </baseTraderKinds>
		<factionNameMaker>NamerFactionBritain</factionNameMaker>
		<techLevel>Industrial</techLevel>
		<backstoryCategory>Civil</backstoryCategory>
		<hairTags>
			<li>Rural</li>
		</hairTags>
	<pawnGroupMakers>
    	<li>
		<kindDef>Normal</kindDef>
        <options>
        <BritishLine>100</BritishLine>
		<BritishLight>25</BritishLight>
		<BritishOfficer>5</BritishOfficer>
        </options>
      </li>
	        <li>
        <kindDef>Trader</kindDef>
        <traders>
          <TownTrader>1</TownTrader>
        </traders>
        <carriers>
          <Muffalo>1</Muffalo>
          <Dromedary>1</Dromedary>
        </carriers>
        <guards>
        <BritishLine>100</BritishLine>
		<BritishLight>25</BritishLight>
		<BritishOfficer>5</BritishOfficer>
		<BritishCommand>1</BritishCommand>
        </guards>
      </li>
	  <li>
	  <kindDef>FactionBase</kindDef>
	  <options>
        <BritishLine>100</BritishLine>
		<BritishLight>25</BritishLight>
		<BritishOfficer>5</BritishOfficer>
		<BritishCommand>1</BritishCommand>
		</options>
		</li>
	</pawnGroupMakers>
    <allowedArrivalTemperatureRange>
      <min>-5</min>
      <max>45</max>
    </allowedArrivalTemperatureRange>
    <homeIconPath>Things/Britain/Items/Home</homeIconPath>
  </FactionDef>
  
  
   <FactionDef>
		<defName>Prussia</defName>
		<label>Prussian Regiment</label>
		<description>A Prussian outpost. Most outposts are assigned a regiment for garrison, and this regiment acts as both a defense and an offense in the case of attacking enemy factions. </description>
		<pawnsPlural>Prussian</pawnsPlural>
		<requiredCountAtGameStart>1</requiredCountAtGameStart>
		<baseSelectionWeight>.5</baseSelectionWeight>
		<canSiege>true</canSiege>
		<expandingIconTexture>Things/Prussia/Items/Home</expandingIconTexture>
		<canStageAttacks>true</canStageAttacks>
		<leaderTitle>Colonel</leaderTitle>
    <startingGoodwill>
      <min>-100</min>
      <max>100</max>
    </startingGoodwill>
	 <naturalColonyGoodwill>
      <min>-10</min>
      <max>0</max>
    </naturalColonyGoodwill>
<caravanTraderKinds>
      <li>Caravan_Prussia_BulkGoods</li>
      <li>Caravan_Prussia_CombatSupplier</li>
    </caravanTraderKinds>
    <visitorTraderKinds>
      <li>Visitor_Prussia_Standard</li>
    </visitorTraderKinds>
    <baseTraderKinds>
      <li>FactionBase_Prussia_Standard</li>
    </baseTraderKinds>
		<factionNameMaker>NamerFactionPrussia</factionNameMaker>
		<techLevel>Industrial</techLevel>
		<backstoryCategory>Civil</backstoryCategory>
		<hairTags>
			<li>Rural</li>
		</hairTags>
	<pawnGroupMakers>
    	<li>
		<kindDef>Normal</kindDef>
        <options>
		<PrussianLandwehr>100</PrussianLandwehr>
        </options>
      </li>
	        <li>
        <kindDef>Trader</kindDef>
        <traders>
          <TownTrader>1</TownTrader>
        </traders>
        <carriers>
          <Muffalo>1</Muffalo>
          <Dromedary>1</Dromedary>
        </carriers>
        <guards>
		<PrussianLandwehr>100</PrussianLandwehr>
		<PrussianCommand>1</PrussianCommand>
        </guards>
      </li>
	  <li>
	  <kindDef>FactionBase</kindDef>
	  <options>
		<PrussianLandwehr>100</PrussianLandwehr>
		<PrussianCommand>1</PrussianCommand>
		</options>
		</li>
	</pawnGroupMakers>
    <allowedArrivalTemperatureRange>
      <min>-5</min>
      <max>45</max>
    </allowedArrivalTemperatureRange>
    <homeIconPath>Things/Prussia/Items/Home</homeIconPath>
  </FactionDef>
</Defs>

   