﻿<?xml version="1.0" encoding="utf-8"?>
<Defs>

  <TraderKindDef>
    <defName>Caravan_France_BulkGoods</defName>
    <label>bulk goods trader</label>
    <stockGenerators>
      <li Class="StockGenerator_SingleDef">
        <thingDef>Silver</thingDef>
        <countRange>
          <min>1200</min>
          <max>2000</max>
        </countRange>
      </li>
      <li Class="StockGenerator_SingleDef">
        <thingDef>Component</thingDef>
        <countRange>
          <min>3</min>
          <max>15</max>
        </countRange>
      </li>
      <li Class="StockGenerator_SingleDef">
        <thingDef>Steel</thingDef>
        <countRange>
          <min>100</min>
          <max>350</max>
        </countRange>
      </li>
      <li Class="StockGenerator_SingleDef">
        <thingDef>WoodLog</thingDef>
        <countRange>
          <min>100</min>
          <max>350</max>
        </countRange>
      </li>
      <li Class="StockGenerator_SingleDef">
        <thingDef>Plasteel</thingDef>
        <countRange>
          <min>50</min>
          <max>160</max>
        </countRange>
      </li>
      <li Class="StockGenerator_SingleDef">
        <thingDef>Cloth</thingDef>
        <countRange>
          <min>-70</min>
          <max>120</max>
        </countRange>
      </li>
      <li Class="StockGenerator_SingleDef">
        <thingDef>Gold</thingDef>
        <countRange>
          <min>-40</min>
          <max>120</max>
        </countRange>
      </li>
      <li Class="StockGenerator_Category">
        <categoryDef>Textiles</categoryDef>
        <thingDefCountRange>
          <min>1</min>
          <max>2</max>
        </thingDefCountRange>
        <totalPriceRange>
          <min>400</min>
          <max>800</max>
        </totalPriceRange>
      </li>
      <li Class="StockGenerator_Category">
        <categoryDef>ResourcesRaw</categoryDef>
        <thingDefCountRange>
          <min>2</min>
          <max>4</max>
        </thingDefCountRange>
        <totalPriceRange>
          <min>150</min>
          <max>320</max>
        </totalPriceRange>
      </li>
      <li Class="StockGenerator_Category">
        <categoryDef>FoodRaw</categoryDef>
        <thingDefCountRange>
          <min>2</min>
          <max>4</max>
        </thingDefCountRange>
        <totalPriceRange>
          <min>150</min>
          <max>600</max>
        </totalPriceRange>
      </li>
      <li Class="StockGenerator_Category">
        <categoryDef>FoodMeals</categoryDef>
        <thingDefCountRange>
          <min>1</min>
          <max>2</max>
        </thingDefCountRange>
        <totalPriceRange>
          <min>200</min>
          <max>1000</max>
        </totalPriceRange>
      </li>
      <li Class="StockGenerator_SingleDef">
        <thingDef>Neutroamine</thingDef>
        <countRange>
          <min>30</min>
          <max>150</max>
        </countRange>
      </li>
      <li Class="StockGenerator_SingleDef">
        <thingDef>Chemfuel</thingDef>
        <countRange>
          <min>0</min>
          <max>150</max>
        </countRange>
      </li>
      <li Class="StockGenerator_SingleDef">
        <thingDef>Chocolate</thingDef>
        <totalPriceRange>
          <min>-150</min>
          <max>200</max>
        </totalPriceRange>
      </li>
      <li Class="StockGenerator_SingleDef">
        <thingDef>Beer</thingDef>
        <totalPriceRange>
          <min>-150</min>
          <max>200</max>
        </totalPriceRange>
      </li>      
      <li Class="StockGenerator_SingleDef">
        <thingDef>Medicine</thingDef>
        <price>Expensive</price>
        <countRange>
          <min>3</min>
          <max>8</max>
        </countRange>
      </li>
      <li Class="StockGenerator_Tag">
        <tradeTag>Furniture</tradeTag>
        <thingDefCountRange>
          <min>0</min>
          <max>2</max>
        </thingDefCountRange>
        <countRange>
          <min>-1</min>
          <max>2</max>
        </countRange>
      </li>
      <li Class="StockGenerator_Animals">
        <checkTemperature>true</checkTemperature>
        <maxWildness>0.70</maxWildness>
        <tradeTags>
          <li>StandardAnimal</li>
        </tradeTags>
        <kindCountRange>
          <min>2</min>
          <max>4</max>
        </kindCountRange>
        <countRange>
          <min>4</min>
          <max>12</max>
        </countRange>
      </li>
      <li Class="StockGenerator_Clothes">
        <countRange>
          <min>4</min>
          <max>10</max>
        </countRange>
      </li>
      <li Class="StockGenerator_Category">
        <categoryDef>Drugs</categoryDef>
        <thingDefCountRange>
          <min>2</min>
          <max>3</max>
        </thingDefCountRange>
        <totalPriceRange>
          <min>1500</min>
          <max>2500</max>
        </totalPriceRange>
      </li>
      <li Class="StockGenerator_BuyWeirdOrganic" />
      <li Class="StockGenerator_MultiDef">
        <thingDefs>
          <li>Chocolate</li>
          <li>Kibble</li>
          <li>Pemmican</li>
        </thingDefs>
      </li>
    </stockGenerators>
  </TraderKindDef>


  <TraderKindDef>
    <defName>Caravan_France_CombatSupplier</defName>
    <label>combat supplier</label>
    <stockGenerators>
      <li Class="StockGenerator_SingleDef">
        <thingDef>Silver</thingDef>
        <countRange>
          <min>1200</min>
          <max>2000</max>
        </countRange>
      </li>
      <li Class="StockGenerator_SingleDef">
        <thingDef>Component</thingDef>
				<price>Expensive</price>
				<countRange>
          <min>-2</min>
          <max>7</max>
        </countRange>
      </li>
      <li Class="StockGenerator_WeaponsRanged">
        <countRange>
          <min>3</min>
          <max>4</max>
        </countRange>
      </li>
      <li Class="StockGenerator_Category">
        <categoryDef>WeaponsMelee</categoryDef>
        <thingDefCountRange>
          <min>3</min>
          <max>4</max>
        </thingDefCountRange>
        <totalPriceRange>
          <min>300</min>
          <max>800</max>
        </totalPriceRange>
      </li>
      <li Class="StockGenerator_Armor">
        <countRange>
          <min>2</min>
          <max>3</max>
        </countRange>
      </li>
      <li Class="StockGenerator_SingleDef">
        <thingDef>Medicine</thingDef>
        <countRange>
          <min>4</min>
          <max>8</max>
        </countRange>
      </li>
      <li Class="StockGenerator_Tag">
        <tradeTag>BodyPartOrImplant</tradeTag>
        <thingDefCountRange>
          <min>-3</min>
          <max>3</max>
        </thingDefCountRange>
        <countRange>
          <min>1</min>
          <max>2</max>
        </countRange>
      </li>

      <li Class="StockGenerator_Clothes">
        <countRange>
          <min>1</min>
          <max>4</max>
        </countRange>
      </li>
      <li Class="StockGenerator_BuyWeirdOrganic" />
    </stockGenerators>
  </TraderKindDef>

   <TraderKindDef>
    <defName>Caravan_Britain_BulkGoods</defName>
    <label>bulk goods trader</label>
    <stockGenerators>
      <li Class="StockGenerator_SingleDef">
        <thingDef>Silver</thingDef>
        <countRange>
          <min>1200</min>
          <max>2000</max>
        </countRange>
      </li>
      <li Class="StockGenerator_SingleDef">
        <thingDef>Component</thingDef>
        <countRange>
          <min>3</min>
          <max>15</max>
        </countRange>
      </li>
      <li Class="StockGenerator_SingleDef">
        <thingDef>Steel</thingDef>
        <countRange>
          <min>100</min>
          <max>350</max>
        </countRange>
      </li>
      <li Class="StockGenerator_SingleDef">
        <thingDef>WoodLog</thingDef>
        <countRange>
          <min>100</min>
          <max>350</max>
        </countRange>
      </li>
      <li Class="StockGenerator_SingleDef">
        <thingDef>Plasteel</thingDef>
        <countRange>
          <min>50</min>
          <max>160</max>
        </countRange>
      </li>
      <li Class="StockGenerator_SingleDef">
        <thingDef>Cloth</thingDef>
        <countRange>
          <min>-70</min>
          <max>120</max>
        </countRange>
      </li>
      <li Class="StockGenerator_SingleDef">
        <thingDef>Gold</thingDef>
        <countRange>
          <min>-40</min>
          <max>120</max>
        </countRange>
      </li>
      <li Class="StockGenerator_Category">
        <categoryDef>Textiles</categoryDef>
        <thingDefCountRange>
          <min>1</min>
          <max>2</max>
        </thingDefCountRange>
        <totalPriceRange>
          <min>400</min>
          <max>800</max>
        </totalPriceRange>
      </li>
      <li Class="StockGenerator_Category">
        <categoryDef>ResourcesRaw</categoryDef>
        <thingDefCountRange>
          <min>2</min>
          <max>4</max>
        </thingDefCountRange>
        <totalPriceRange>
          <min>150</min>
          <max>320</max>
        </totalPriceRange>
      </li>
      <li Class="StockGenerator_Category">
        <categoryDef>FoodRaw</categoryDef>
        <thingDefCountRange>
          <min>2</min>
          <max>4</max>
        </thingDefCountRange>
        <totalPriceRange>
          <min>150</min>
          <max>600</max>
        </totalPriceRange>
      </li>
      <li Class="StockGenerator_Category">
        <categoryDef>FoodMeals</categoryDef>
        <thingDefCountRange>
          <min>1</min>
          <max>2</max>
        </thingDefCountRange>
        <totalPriceRange>
          <min>200</min>
          <max>1000</max>
        </totalPriceRange>
      </li>
      <li Class="StockGenerator_SingleDef">
        <thingDef>Neutroamine</thingDef>
        <countRange>
          <min>30</min>
          <max>150</max>
        </countRange>
      </li>
      <li Class="StockGenerator_SingleDef">
        <thingDef>Chemfuel</thingDef>
        <countRange>
          <min>0</min>
          <max>150</max>
        </countRange>
      </li>
      <li Class="StockGenerator_SingleDef">
        <thingDef>Chocolate</thingDef>
        <totalPriceRange>
          <min>-150</min>
          <max>200</max>
        </totalPriceRange>
      </li>
      <li Class="StockGenerator_SingleDef">
        <thingDef>Beer</thingDef>
        <totalPriceRange>
          <min>-150</min>
          <max>200</max>
        </totalPriceRange>
      </li>      
      <li Class="StockGenerator_SingleDef">
        <thingDef>Medicine</thingDef>
        <price>Expensive</price>
        <countRange>
          <min>3</min>
          <max>8</max>
        </countRange>
      </li>
      <li Class="StockGenerator_Tag">
        <tradeTag>Furniture</tradeTag>
        <thingDefCountRange>
          <min>0</min>
          <max>2</max>
        </thingDefCountRange>
        <countRange>
          <min>-1</min>
          <max>2</max>
        </countRange>
      </li>
      <li Class="StockGenerator_Animals">
        <checkTemperature>true</checkTemperature>
        <maxWildness>0.70</maxWildness>
        <tradeTags>
          <li>StandardAnimal</li>
        </tradeTags>
        <kindCountRange>
          <min>2</min>
          <max>4</max>
        </kindCountRange>
        <countRange>
          <min>4</min>
          <max>12</max>
        </countRange>
      </li>
      <li Class="StockGenerator_Clothes">
        <countRange>
          <min>4</min>
          <max>10</max>
        </countRange>
      </li>
      <li Class="StockGenerator_Category">
        <categoryDef>Drugs</categoryDef>
        <thingDefCountRange>
          <min>2</min>
          <max>3</max>
        </thingDefCountRange>
        <totalPriceRange>
          <min>1500</min>
          <max>2500</max>
        </totalPriceRange>
      </li>
      <li Class="StockGenerator_BuyWeirdOrganic" />
      <li Class="StockGenerator_MultiDef">
        <thingDefs>
          <li>Chocolate</li>
          <li>Kibble</li>
          <li>Pemmican</li>
        </thingDefs>
      </li>
    </stockGenerators>
  </TraderKindDef>


  <TraderKindDef>
    <defName>Caravan_Britain_CombatSupplier</defName>
    <label>combat supplier</label>
    <stockGenerators>
      <li Class="StockGenerator_SingleDef">
        <thingDef>Silver</thingDef>
        <countRange>
          <min>1200</min>
          <max>2000</max>
        </countRange>
      </li>
      <li Class="StockGenerator_SingleDef">
        <thingDef>Component</thingDef>
				<price>Expensive</price>
				<countRange>
          <min>-2</min>
          <max>7</max>
        </countRange>
      </li>
      <li Class="StockGenerator_WeaponsRanged">
        <countRange>
          <min>3</min>
          <max>4</max>
        </countRange>
      </li>
      <li Class="StockGenerator_Category">
        <categoryDef>WeaponsMelee</categoryDef>
        <thingDefCountRange>
          <min>3</min>
          <max>4</max>
        </thingDefCountRange>
        <totalPriceRange>
          <min>300</min>
          <max>800</max>
        </totalPriceRange>
      </li>
      <li Class="StockGenerator_Armor">
        <countRange>
          <min>2</min>
          <max>3</max>
        </countRange>
      </li>
      <li Class="StockGenerator_SingleDef">
        <thingDef>Medicine</thingDef>
        <countRange>
          <min>4</min>
          <max>8</max>
        </countRange>
      </li>
      <li Class="StockGenerator_Tag">
        <tradeTag>BodyPartOrImplant</tradeTag>
        <thingDefCountRange>
          <min>-3</min>
          <max>3</max>
        </thingDefCountRange>
        <countRange>
          <min>1</min>
          <max>2</max>
        </countRange>
      </li>
      <li Class="StockGenerator_Clothes">
        <countRange>
          <min>1</min>
          <max>4</max>
        </countRange>
      </li>
      <li Class="StockGenerator_BuyWeirdOrganic" />
    </stockGenerators>
  </TraderKindDef>

  
  <TraderKindDef>
    <defName>Caravan_Prussia_BulkGoods</defName>
    <label>bulk goods trader</label>
    <stockGenerators>
      <li Class="StockGenerator_SingleDef">
        <thingDef>Silver</thingDef>
        <countRange>
          <min>1200</min>
          <max>2000</max>
        </countRange>
      </li>
      <li Class="StockGenerator_SingleDef">
        <thingDef>Component</thingDef>
        <countRange>
          <min>3</min>
          <max>15</max>
        </countRange>
      </li>
      <li Class="StockGenerator_SingleDef">
        <thingDef>Steel</thingDef>
        <countRange>
          <min>100</min>
          <max>350</max>
        </countRange>
      </li>
      <li Class="StockGenerator_SingleDef">
        <thingDef>WoodLog</thingDef>
        <countRange>
          <min>100</min>
          <max>350</max>
        </countRange>
      </li>
      <li Class="StockGenerator_SingleDef">
        <thingDef>Plasteel</thingDef>
        <countRange>
          <min>50</min>
          <max>160</max>
        </countRange>
      </li>
      <li Class="StockGenerator_SingleDef">
        <thingDef>Cloth</thingDef>
        <countRange>
          <min>-70</min>
          <max>120</max>
        </countRange>
      </li>
      <li Class="StockGenerator_SingleDef">
        <thingDef>Gold</thingDef>
        <countRange>
          <min>-40</min>
          <max>120</max>
        </countRange>
      </li>
      <li Class="StockGenerator_Category">
        <categoryDef>Textiles</categoryDef>
        <thingDefCountRange>
          <min>1</min>
          <max>2</max>
        </thingDefCountRange>
        <totalPriceRange>
          <min>400</min>
          <max>800</max>
        </totalPriceRange>
      </li>
      <li Class="StockGenerator_Category">
        <categoryDef>ResourcesRaw</categoryDef>
        <thingDefCountRange>
          <min>2</min>
          <max>4</max>
        </thingDefCountRange>
        <totalPriceRange>
          <min>150</min>
          <max>320</max>
        </totalPriceRange>
      </li>
      <li Class="StockGenerator_Category">
        <categoryDef>FoodRaw</categoryDef>
        <thingDefCountRange>
          <min>2</min>
          <max>4</max>
        </thingDefCountRange>
        <totalPriceRange>
          <min>150</min>
          <max>600</max>
        </totalPriceRange>
      </li>
      <li Class="StockGenerator_Category">
        <categoryDef>FoodMeals</categoryDef>
        <thingDefCountRange>
          <min>1</min>
          <max>2</max>
        </thingDefCountRange>
        <totalPriceRange>
          <min>200</min>
          <max>1000</max>
        </totalPriceRange>
      </li>
      <li Class="StockGenerator_SingleDef">
        <thingDef>Neutroamine</thingDef>
        <countRange>
          <min>30</min>
          <max>150</max>
        </countRange>
      </li>
      <li Class="StockGenerator_SingleDef">
        <thingDef>Chemfuel</thingDef>
        <countRange>
          <min>0</min>
          <max>150</max>
        </countRange>
      </li>
      <li Class="StockGenerator_SingleDef">
        <thingDef>Chocolate</thingDef>
        <totalPriceRange>
          <min>-150</min>
          <max>200</max>
        </totalPriceRange>
      </li>
      <li Class="StockGenerator_SingleDef">
        <thingDef>Beer</thingDef>
        <totalPriceRange>
          <min>-150</min>
          <max>200</max>
        </totalPriceRange>
      </li>      
      <li Class="StockGenerator_SingleDef">
        <thingDef>Medicine</thingDef>
        <price>Expensive</price>
        <countRange>
          <min>3</min>
          <max>8</max>
        </countRange>
      </li>
      <li Class="StockGenerator_Tag">
        <tradeTag>Furniture</tradeTag>
        <thingDefCountRange>
          <min>0</min>
          <max>2</max>
        </thingDefCountRange>
        <countRange>
          <min>-1</min>
          <max>2</max>
        </countRange>
      </li>
      <li Class="StockGenerator_Animals">
        <checkTemperature>true</checkTemperature>
        <maxWildness>0.70</maxWildness>
        <tradeTags>
          <li>StandardAnimal</li>
        </tradeTags>
        <kindCountRange>
          <min>2</min>
          <max>4</max>
        </kindCountRange>
        <countRange>
          <min>4</min>
          <max>12</max>
        </countRange>
      </li>
      <li Class="StockGenerator_Clothes">
        <countRange>
          <min>4</min>
          <max>10</max>
        </countRange>
      </li>
      <li Class="StockGenerator_Category">
        <categoryDef>Drugs</categoryDef>
        <thingDefCountRange>
          <min>2</min>
          <max>3</max>
        </thingDefCountRange>
        <totalPriceRange>
          <min>1500</min>
          <max>2500</max>
        </totalPriceRange>
      </li>
      <li Class="StockGenerator_BuyWeirdOrganic" />
      <li Class="StockGenerator_MultiDef">
        <thingDefs>
          <li>Chocolate</li>
          <li>Kibble</li>
          <li>Pemmican</li>
        </thingDefs>
      </li>
    </stockGenerators>
  </TraderKindDef>


  <TraderKindDef>
    <defName>Caravan_Prussia_CombatSupplier</defName>
    <label>combat supplier</label>
    <stockGenerators>
      <li Class="StockGenerator_SingleDef">
        <thingDef>Silver</thingDef>
        <countRange>
          <min>1200</min>
          <max>2000</max>
        </countRange>
      </li>
      <li Class="StockGenerator_SingleDef">
        <thingDef>Component</thingDef>
				<price>Expensive</price>
				<countRange>
          <min>-2</min>
          <max>7</max>
        </countRange>
      </li>
      <li Class="StockGenerator_WeaponsRanged">
        <countRange>
          <min>3</min>
          <max>4</max>
        </countRange>
      </li>
      <li Class="StockGenerator_Category">
        <categoryDef>WeaponsMelee</categoryDef>
        <thingDefCountRange>
          <min>3</min>
          <max>4</max>
        </thingDefCountRange>
        <totalPriceRange>
          <min>300</min>
          <max>800</max>
        </totalPriceRange>
      </li>
      <li Class="StockGenerator_Armor">
        <countRange>
          <min>2</min>
          <max>3</max>
        </countRange>
      </li>
      <li Class="StockGenerator_SingleDef">
        <thingDef>Medicine</thingDef>
        <countRange>
          <min>4</min>
          <max>8</max>
        </countRange>
      </li>
      <li Class="StockGenerator_Tag">
        <tradeTag>BodyPartOrImplant</tradeTag>
        <thingDefCountRange>
          <min>-3</min>
          <max>3</max>
        </thingDefCountRange>
        <countRange>
          <min>1</min>
          <max>2</max>
        </countRange>
      </li>

      <li Class="StockGenerator_Clothes">
        <countRange>
          <min>1</min>
          <max>4</max>
        </countRange>
      </li>
      <li Class="StockGenerator_BuyWeirdOrganic" />
    </stockGenerators>
  </TraderKindDef>

</Defs>